SALESORDERID,SALESORDERDETAILID,ORDERQTY,PRODUCTID,UNITPRICE,UNITPRICEDISCOUNT,LINETOTAL,ROWGUID,MODIFIEDDATE
71774,110562,1,836,357,0,357,e3a1994c-7a68-4ce8-96a3-77fdd3bbd730,2008-06-01T00:00:00Z
71774,110563,1,822,357,0,357,5c77f557-fdb6-43ba-90b9-9a7aec55ca32,2008-06-01T00:00:00Z
71776,110567,1,907,64,0,64,6dbfe398-d15d-425e-aa58-88178fe360e5,2008-06-01T00:00:00Z
71780,110616,4,905,218,0,874,377246c9-4483-48ed-a5b9-e56f005364e0,2008-06-01T00:00:00Z
71780,110617,2,983,462,0,923,43a54bcd-536d-4a1b-8e69-24d083507a14,2008-06-01T00:00:00Z
71780,110618,6,988,113,0,407,12706fab-f3a2-48c6-b7c7-1ccde4081f18,2008-06-01T00:00:00Z
71780,110619,2,748,819,0,1637,b12f0d3b-5b4e-4f1f-b2f0-f7cde99dd826,2008-06-01T00:00:00Z
71780,110620,1,990,324,0,324,f117a449-039d-44b8-a4b2-b12001dacc01,2008-06-01T00:00:00Z
71780,110621,1,926,150,0,150,92e5052b-72d0-4c91-9a8c-42591803667e,2008-06-01T00:00:00Z
71780,110622,1,743,810,0,810,8bd33bed-c4f6-4d44-84fb-a7d04afcd794,2008-06-01T00:00:00Z
71780,110623,4,782,1377,0,5508,686999fb-42e6-4d00-9a14-83ffa86833e3,2008-06-01T00:00:00Z
71780,110624,2,918,158,0,317,82940b03-c70b-4183-8660-6b3418908429,2008-06-01T00:00:00Z
71780,110625,4,780,1392,0,5568,644b0cd6-b2c3-4e4d-ab43-091c2ef6c829,2008-06-01T00:00:00Z
71780,110626,1,937,49,0,49,7f5feb17-8ef4-4236-9f1c-15046d9638f0,2008-06-01T00:00:00Z
71780,110627,6,867,42,0,252,ac78838d-b503-41a5-9791-480e528f028c,2008-06-01T00:00:00Z
71780,110628,1,985,113,0,68,2c10a282-a13d-442a-8f45-f4d6b23a7d9c,2008-06-01T00:00:00Z
71780,110629,2,989,324,0,648,654fb79e-70df-4b92-9832-9fa67013215b,2008-06-01T00:00:00Z
71780,110630,3,991,324,0,972,3d6ca7ab-055e-4536-8940-76234cc9bcde,2008-06-01T00:00:00Z
71780,110631,1,992,324,0,324,560feee1-dd54-4c34-abb1-4f8841d0aa41,2008-06-01T00:00:00Z
71780,110632,2,993,324,0,648,19570052-4023-4658-bc56-dc5c619bd00e,2008-06-01T00:00:00Z
71780,110633,2,984,113,0,136,27562675-f8c3-4a38-bd9e-b366b83e5204,2008-06-01T00:00:00Z
71780,110634,3,986,113,0,203,e193ce39-ef33-4969-87b1-468d2f7b48ad,2008-06-01T00:00:00Z
71780,110635,3,987,113,0,203,e38e076f-5072-437a-a771-ada53b5ab803,2008-06-01T00:00:00Z
71780,110636,2,981,462,0,923,26c00b7d-6e19-4fbf-b9f1-23c2609e8893,2008-06-01T00:00:00Z
71780,110637,3,982,462,0,1385,6666a81b-90a1-4204-a39e-9f660ca43e5f,2008-06-01T00:00:00Z
71780,110638,5,783,1377,0,6885,332dcf9e-dfd2-4345-9015-f4b53ac396ee,2008-06-01T00:00:00Z
71780,110639,3,809,37,0,111,c2b08405-a9be-4f71-906c-5d7b1e26bde4,2008-06-01T00:00:00Z
71780,110640,1,810,72,0,72,351a29fb-ceb1-4ca6-bb36-506d87b82a95,2008-06-01T00:00:00Z
71780,110641,2,935,24,0,49,1918cfd2-69e8-4593-b4d6-8677f18b8f62,2008-06-01T00:00:00Z
71780,110642,1,925,150,0,150,21624302-ca0f-402f-8a46-5a3fffa7d5f3,2008-06-01T00:00:00Z
71780,110643,7,869,42,0,294,169c75f6-a364-46e3-8ddb-033528177458,2008-06-01T00:00:00Z
71780,110644,1,880,33,0,33,c3fbb3ec-3ff6-4ee1-88cf-230e128815f3,2008-06-01T00:00:00Z
71782,110667,3,714,30,0,90,e3b48ec1-8e67-4ef8-8ee0-8898167a3598,2008-06-01T00:00:00Z
71782,110668,3,956,1430,0,4291,8f00f4bc-cfd1-473f-9fce-191b7eb5f1ad,2008-06-01T00:00:00Z
71782,110669,1,954,1430,0,1430,8d3b14c1-df49-4919-942c-3bb379d7be42,2008-06-01T00:00:00Z
71782,110670,10,712,5,0,54,a7873b73-b47e-4a06-afa4-805342a35e02,2008-06-01T00:00:00Z
71782,110671,10,877,5,0,48,e7cb4bbf-3e8d-4c6e-8c87-c3d5a038266b,2008-06-01T00:00:00Z
71782,110672,4,996,73,0,292,c4d69d25-2f3f-4978-b765-8255d489db8d,2008-06-01T00:00:00Z
71782,110673,6,864,38,0,229,c216d216-86cd-4e33-a713-6a97d344fa91,2008-06-01T00:00:00Z
71782,110674,3,876,72,0,216,fd409a4f-dab6-4499-81d2-07620f4aba08,2008-06-01T00:00:00Z
71782,110675,4,959,445,0,1782,cacd0b0c-270a-42bb-a48e-34a69248b19a,2008-06-01T00:00:00Z
71782,110676,4,971,729,0,2916,5edf45b8-d4fb-4714-957d-9666ea22f415,2008-06-01T00:00:00Z
71782,110677,6,870,3,0,18,dc88bd9d-3de5-49a7-b874-bada950ab284,2008-06-01T00:00:00Z
71782,110678,1,978,445,0,445,8bd27f52-34f9-498d-a838-366179f7075d,2008-06-01T00:00:00Z
71782,110679,1,955,1430,0,1430,1d44bf7e-9c42-4ca1-afd6-e6ddf9d85bc5,2008-06-01T00:00:00Z
71782,110680,1,948,64,0,64,083cdd70-a4df-44fd-863a-19b03deefba4,2008-06-01T00:00:00Z
71782,110681,1,994,32,0,32,8ed3d829-95ad-4bed-8894-9b76d20981b9,2008-06-01T00:00:00Z
71782,110682,1,970,729,0,729,74e94a04-5c2b-4821-8fc7-069204b0ba4a,2008-06-01T00:00:00Z
71782,110683,2,966,1430,0,2861,4e0a7f8e-58da-4b23-8856-980fd461cff8,2008-06-01T00:00:00Z
71782,110684,4,884,32,0,130,5324b298-176e-4e92-9fc6-ed0c4db55235,2008-06-01T00:00:00Z
71782,110685,2,885,602,0,1205,598385dd-ea19-409e-8f17-03ab651165d0,2008-06-01T00:00:00Z
71782,110686,8,715,30,0,240,4a23f5c7-d0c5-4703-8e42-69e9a280e9ef,2008-06-01T00:00:00Z
71782,110687,3,894,73,0,219,eaaae38b-fb67-4509-abbd-fbac1cae2054,2008-06-01T00:00:00Z
71782,110688,1,957,1430,0,1430,8d36d42e-5a61-4aa0-b8b7-a83deeeb3dde,2008-06-01T00:00:00Z
71782,110689,2,967,1430,0,2861,406724b4-4733-4372-a4ac-84f4f493aa7e,2008-06-01T00:00:00Z
71782,110690,7,708,21,0,147,4aa6f3da-060b-4c22-b6b5-3a29c370af8d,2008-06-01T00:00:00Z
71782,110691,3,961,445,0,1336,35ba4320-0ef4-46c4-8e1b-71201d1f4fc5,2008-06-01T00:00:00Z
71782,110692,2,979,445,0,891,bc718813-1d25-49c8-9369-4ec056c040d7,2008-06-01T00:00:00Z
71782,110693,2,958,445,0,891,6a61199f-48c9-4dd1-8fc1-5825a1c8c7ae,2008-06-01T00:00:00Z
71782,110694,1,963,445,0,445,48eada4b-b0a7-4cd4-bd00-e7b8eebbcfde,2008-06-01T00:00:00Z
71782,110695,1,953,729,0,729,8c2be39e-66d9-437d-8d18-233702bc27b5,2008-06-01T00:00:00Z
71782,110696,2,968,1430,0,2861,56f9396b-53f8-4386-8f08-6feb33125913,2008-06-01T00:00:00Z
71782,110697,2,951,243,0,486,35d889d9-676a-4b95-a2ea-28da743c25a7,2008-06-01T00:00:00Z
71782,110698,2,945,55,0,110,2d3aef50-9ace-4b59-be1f-b9d709ecbde2,2008-06-01T00:00:00Z
71782,110699,1,916,32,0,32,20812393-5001-46eb-a7f6-69c537cbb76e,2008-06-01T00:00:00Z
71782,110700,1,886,200,0,200,c09d7227-b5cb-4e1f-8489-c5456c71516e,2008-06-01T00:00:00Z
71782,110701,1,892,602,0,602,00233509-2f29-4f6e-b84c-e1d38536d432,2008-06-01T00:00:00Z
71782,110702,1,893,602,0,602,df0ff5ca-b71f-49ab-852e-f4f1c934ce7a,2008-06-01T00:00:00Z
71782,110703,6,881,32,0,194,87172507-65ee-414f-a162-1bc35f7aff1f,2008-06-01T00:00:00Z
71782,110704,4,883,32,0,130,a62b4ea2-985b-4c65-91d2-94e57a3b1a50,2008-06-01T00:00:00Z
71782,110705,1,859,15,0,15,84402784-60d8-4a3b-b982-97661b060511,2008-06-01T00:00:00Z
71782,110706,4,865,38,0,152,2fde7943-7f34-42e3-a6f6-d8d8ba64103e,2008-06-01T00:00:00Z
71782,110707,9,880,33,0,297,bc88c745-58eb-4681-9381-68fef23d9334,2008-06-01T00:00:00Z
71782,110708,6,711,21,0,126,c4df556d-3a50-4e6d-ba45-4ad9c58cb4d5,2008-06-01T00:00:00Z
71782,110709,3,707,21,0,63,eeff1625-7749-4f51-a01d-3a9776b774f1,2008-06-01T00:00:00Z
71783,110710,4,738,202,0,809,6600bd56-0e8e-4708-88ad-8b81cdde0c66,2008-06-01T00:00:00Z
71783,110711,6,939,37,0,224,49ff2935-0b3d-4bed-91d0-454c71a2cbbe,2008-06-01T00:00:00Z
71783,110712,3,793,1466,0,4398,a13c9fa5-a227-4d2e-b1b9-4982187edc65,2008-06-01T00:00:00Z
71783,110713,4,977,324,0,1296,cf2858d7-f54f-4954-a9f2-87e132352d4e,2008-06-01T00:00:00Z
71783,110714,9,880,33,0,297,bfbd21a7-253a-411a-9fe7-56884370529e,2008-06-01T00:00:00Z
71783,110715,7,859,15,0,103,9ca42575-6bd2-4063-904a-f89dcdbfa00f,2008-06-01T00:00:00Z
71783,110716,25,976,850,0,19136,f9e75552-b9d0-4cfe-ac23-abbffa8da03b,2008-06-01T00:00:00Z
71783,110717,6,714,30,0,180,4003a2a8-7365-4f8b-9fef-53d14b022e42,2008-06-01T00:00:00Z
71783,110718,8,877,5,0,38,3650c9ac-764f-4a62-bd44-c9c302643c49,2008-06-01T00:00:00Z
71783,110719,1,813,72,0,72,15b9c1ad-c3de-474d-ac24-bf2062485549,2008-06-01T00:00:00Z
71783,110720,6,881,32,0,194,7f2dc14d-5f9b-4d50-8a47-98ea49a83ce3,2008-06-01T00:00:00Z
71783,110721,6,873,1,0,8,e447cabb-a2cd-4bb0-9927-a6285927baec,2008-06-01T00:00:00Z
71783,110722,10,870,3,0,30,93d36328-d201-49c3-981b-0082f93f305a,2008-06-01T00:00:00Z
71783,110723,1,822,357,0,357,710710b5-a4be-4a71-8965-b5ac0c3f8732,2008-06-01T00:00:00Z
71783,110724,1,799,672,0,672,bd3a6bd9-2d94-4bb2-b033-2cb2b879b666,2008-06-01T00:00:00Z
71783,110725,2,858,15,0,29,17d042f8-7e71-4c98-a9e8-c06c6b046b9f,2008-06-01T00:00:00Z
71783,110726,9,860,15,0,132,69287890-5cf2-48d4-842e-1af037e8880b,2008-06-01T00:00:00Z
71783,110727,15,864,35,0,498,95523468-78c9-4659-a9e2-408f6139c1bc,2008-06-01T00:00:00Z
71783,110728,3,938,24,0,73,6a7322f6-6e11-45c2-8b9e-004714cd9716,2008-06-01T00:00:00Z
71783,110729,11,883,31,0,338,2bc7d17c-cb36-4acd-a45e-5f6f0336a15a,2008-06-01T00:00:00Z
71783,110730,6,722,202,0,1214,5e9d4a6a-6848-46c3-a6ed-4f5111b94302,2008-06-01T00:00:00Z
71783,110731,9,884,32,0,292,443c9252-f746-4ec0-b838-2b02bee947f6,2008-06-01T00:00:00Z
71783,110732,7,998,324,0,2268,db5fe5ad-ea68-4d7d-9b74-647141ac43b9,2008-06-01T00:00:00Z
71783,110733,5,999,324,0,1620,abdb8300-ff35-45f5-b4ca-9f627024ee30,2008-06-01T00:00:00Z
71783,110734,4,797,672,0,2689,8f859c8b-6996-4e2d-9f0f-0dd0f8fea8db,2008-06-01T00:00:00Z
71783,110735,1,798,672,0,672,d27d3eb4-56c3-4877-9902-264b2a236ead,2008-06-01T00:00:00Z
71783,110736,1,801,672,0,672,b9e766b8-ce94-4452-bb4b-02fa8138b193,2008-06-01T00:00:00Z
71783,110737,5,973,1021,0,5103,22203517-0010-48f1-a777-5bb735226508,2008-06-01T00:00:00Z
71783,110738,13,974,987,0,12569,ac5c5fc9-722c-4e0e-b1ca-bcf60ca65228,2008-06-01T00:00:00Z
71783,110739,4,940,49,0,194,e09a8710-17cf-4e93-8d1b-89ad798e9058,2008-06-01T00:00:00Z
71783,110740,3,835,357,0,1071,cc30cb7e-1260-48a9-8dec-b7d95cc5533e,2008-06-01T00:00:00Z
71783,110741,4,836,357,0,1428,0a9a4bef-bb06-49b2-942d-c8a2cd010a84,2008-06-01T00:00:00Z
71783,110742,4,838,859,0,3436,32e1242c-4571-46f4-b749-fdc8224186c8,2008-06-01T00:00:00Z
71783,110743,2,718,859,0,1718,033a43f7-a88b-4d7c-8308-bc2ae7ec9779,2008-06-01T00:00:00Z
71783,110744,17,715,27,0,444,b67b428a-14e3-4246-8d86-48ceec873e8b,2008-06-01T00:00:00Z
71783,110745,4,716,30,0,120,00c305b1-2d9c-488c-ae9d-983dcda1df06,2008-06-01T00:00:00Z
71783,110746,1,875,5,0,5,115cb3de-68bf-433c-934f-bf6ead607011,2008-06-01T00:00:00Z
71783,110747,10,865,38,0,381,9d1dfc31-93d5-463a-b188-6de1a93a79b1,2008-06-01T00:00:00Z
71783,110748,11,712,5,0,56,4dc0622c-e097-4b89-8466-148fcd95e6fb,2008-06-01T00:00:00Z
71783,110749,15,711,19,0,274,e671d916-17c3-4dd1-b086-2b08b84877e2,2008-06-01T00:00:00Z
71783,110750,2,876,72,0,144,65412ada-b387-4edf-b099-697ccf1f6cf7,2008-06-01T00:00:00Z
71783,110751,10,707,21,0,210,d29b2630-1485-4fde-8a3f-7c677a3cc567,2008-06-01T00:00:00Z
71783,110752,11,708,20,0,219,71f6fbbf-3b29-4f55-abd3-3577d6786501,2008-06-01T00:00:00Z
71784,110753,2,711,21,0,42,d673a683-66c1-41d9-9c18-0f358e135ab7,2008-06-01T00:00:00Z
71784,110754,8,885,602,0,4819,701cac38-5268-4ee9-a66f-ba5e0f578743,2008-06-01T00:00:00Z
71784,110755,2,954,1430,0,2861,0f40ef26-3a85-46a8-bbb2-a9b063aa43dd,2008-06-01T00:00:00Z
71784,110756,11,870,3,0,31,1e115c68-5af1-41d7-86c2-66f881153c6e,2008-06-01T00:00:00Z
71784,110757,8,865,38,0,305,cc0c8be2-787b-4c97-a568-02facc05d55b,2008-06-01T00:00:00Z
71784,110758,4,970,729,0,2916,3b529926-7ae8-4805-bc73-7ba460e5f1ab,2008-06-01T00:00:00Z
71784,110759,1,959,445,0,445,d86eb183-494b-4be4-889d-e14a16c29c9d,2008-06-01T00:00:00Z
71784,110760,9,714,30,0,270,847f0227-ded8-4717-8f6f-ddaeacdd7ca0,2008-06-01T00:00:00Z
71784,110761,10,712,5,0,54,85648cf9-a6e2-4ddc-ab71-d77d8ca27a12,2008-06-01T00:00:00Z
71784,110762,4,972,729,0,2916,25e7c0f0-daea-4761-89fc-9b65caa00648,2008-06-01T00:00:00Z
71784,110763,8,877,5,0,38,5995a5a1-56fe-486a-8ac3-a96630355f1d,2008-06-01T00:00:00Z
71784,110764,5,716,30,0,150,2258c121-5aba-4d57-a8de-56a6493f4547,2008-06-01T00:00:00Z
71784,110765,11,965,431,0,4641,4c8645bc-6da7-465a-a1b8-9795c30920e5,2008-06-01T00:00:00Z
71784,110766,6,958,445,0,2672,7fc16257-7d13-4b56-bcdf-8406522e5ae4,2008-06-01T00:00:00Z
71784,110767,6,876,72,0,432,b488c4c2-e995-4314-bd7f-fbeace20383e,2008-06-01T00:00:00Z
71784,110768,2,899,200,0,400,851a9448-2136-49cd-be6a-1e3cf23ef28a,2008-06-01T00:00:00Z
71784,110769,6,858,15,0,88,9bf2d259-bf1e-4f41-9f37-f56a78e26a19,2008-06-01T00:00:00Z
71784,110770,4,889,602,0,2409,9bb4b933-991f-4f9c-9bed-948c8023e1fb,2008-06-01T00:00:00Z
71784,110771,7,962,445,0,3118,99d641dd-76d5-4334-9e55-99ff78125a94,2008-06-01T00:00:00Z
71784,110772,2,895,200,0,400,61efc1c5-71ce-4537-9ede-723dd776a042,2008-06-01T00:00:00Z
71784,110773,12,957,1383,0,16261,2608abcf-0d68-4adc-9f2f-45b931b3417d,2008-06-01T00:00:00Z
71784,110774,8,979,445,0,3563,3b2dd1d1-ca84-40b0-9ee2-e8d97242760b,2008-06-01T00:00:00Z
71784,110775,3,961,445,0,1336,4cfcd54c-299d-491c-acaa-86f2c2dd98ef,2008-06-01T00:00:00Z
71784,110776,5,963,445,0,2227,16fd8cce-6d5d-4642-9d56-56d146310752,2008-06-01T00:00:00Z
71784,110777,3,953,729,0,2187,5645b1ba-251a-4515-aa9a-6e9e86eea4e7,2008-06-01T00:00:00Z
71784,110778,4,966,1430,0,5722,e09d1eb7-627d-43ed-97aa-96be7fad32c3,2008-06-01T00:00:00Z
71784,110779,6,967,1430,0,8583,0c2a84e5-a1e1-4a00-993f-19b4819afbe0,2008-06-01T00:00:00Z
71784,110780,10,969,1430,0,14304,a8ef0789-b2da-411f-b777-da449389d319,2008-06-01T00:00:00Z
71784,110781,2,955,1430,0,2861,e8902b25-0c11-48f1-ba14-3a18072ae4df,2008-06-01T00:00:00Z
71784,110782,2,916,32,0,63,deefdf0c-fa8e-40ce-ab16-41f51b043796,2008-06-01T00:00:00Z
71784,110783,3,896,200,0,600,ec43c98a-6838-4941-a503-3504b14fbe6b,2008-06-01T00:00:00Z
71784,110784,1,900,200,0,200,3dbf3836-b3a9-48ba-8241-61dea20de368,2008-06-01T00:00:00Z
71784,110785,1,893,602,0,602,061c861d-cada-4884-a224-4de4c00e97e5,2008-06-01T00:00:00Z
71784,110786,8,715,30,0,240,937fc41c-a818-473d-88b4-d5fc930230f1,2008-06-01T00:00:00Z
71784,110787,6,881,32,0,194,281d1c72-ec9a-4e76-93b8-f83217a26a2e,2008-06-01T00:00:00Z
71784,110788,7,883,32,0,227,b7b5995f-02c9-473b-bbb5-1189f87832dc,2008-06-01T00:00:00Z
71784,110789,3,884,32,0,97,0437f448-edf0-48ed-8a88-0743e136d2da,2008-06-01T00:00:00Z
71784,110790,5,859,15,0,73,c466499e-5284-4b18-9e65-6c3628788963,2008-06-01T00:00:00Z
71784,110791,23,864,35,0,763,edb4ed91-8e46-4e5e-9195-e476b7d2ad67,2008-06-01T00:00:00Z
71784,110792,9,880,33,0,297,75f2181f-ad5c-4dc4-a52f-66cd7cac3f7b,2008-06-01T00:00:00Z
71784,110793,8,873,1,0,11,2b64ca83-b2fb-4ae5-a9ec-9ea1637317db,2008-06-01T00:00:00Z
71784,110794,10,707,21,0,210,b86d13fa-2545-4e15-9ab5-1162c1374a6c,2008-06-01T00:00:00Z
71784,110795,12,708,20,0,239,21cbcfa9-6e2e-408f-aa28-ccc84fd4c60e,2008-06-01T00:00:00Z
71796,111018,1,891,602,0,602,dd91e489-43b3-45c6-a4ea-e4d2e650019e,2008-06-01T00:00:00Z
71796,111019,8,972,729,0,5831,46260489-ce09-41d8-ace1-916e300d83c7,2008-06-01T00:00:00Z
71796,111020,2,953,729,0,1458,c163c562-3ed8-41e3-aa66-2a78c3a7bfd0,2008-06-01T00:00:00Z
71796,111021,1,916,32,0,32,18849a7f-ab84-4f0d-9345-a437ad535053,2008-06-01T00:00:00Z
71796,111022,5,958,445,0,2227,13186b9f-42fc-487c-90fd-4ea96d113233,2008-06-01T00:00:00Z
71796,111023,3,957,1430,0,4291,2df66e6b-21e5-43b4-a91c-57ffd3033e18,2008-06-01T00:00:00Z
71796,111024,9,969,1430,0,12874,24d90386-e9b3-40c4-8d04-ef0e2acd30bb,2008-06-01T00:00:00Z
71796,111025,2,967,1430,0,2861,73ff8746-1fa6-425a-99f0-3c76ed213701,2008-06-01T00:00:00Z
71796,111026,3,979,445,0,1336,a96adf3d-3f0e-439f-ad3c-23846c5f51ec,2008-06-01T00:00:00Z
71796,111027,7,961,445,0,3118,32cbb9f9-6747-4b46-89c7-176928a7b742,2008-06-01T00:00:00Z
71796,111028,2,965,445,0,891,4b67900d-8a1a-40d8-b654-73cfa183ac2e,2008-06-01T00:00:00Z
71796,111029,1,970,729,0,729,b94d54d5-1146-43f1-baaa-fd556194977c,2008-06-01T00:00:00Z
71796,111030,3,954,1430,0,4291,c5592d27-d2a7-4687-9d43-f2f034da8e72,2008-06-01T00:00:00Z
71796,111031,1,955,1430,0,1430,9fc48164-06e3-47e3-8455-19f316c3014e,2008-06-01T00:00:00Z
71796,111032,1,947,55,0,55,fdedab25-d27e-4d66-bb57-6a699846c3e9,2008-06-01T00:00:00Z
71796,111033,1,899,200,0,200,77b7e9b6-142a-4216-8c71-f839990f536a,2008-06-01T00:00:00Z
71796,111034,1,900,200,0,200,c54d207b-7ec9-4ea5-b0a7-c37c1d759b03,2008-06-01T00:00:00Z
71796,111035,6,892,602,0,3614,a586daf2-66e3-4eff-93ce-a869c4ec6c51,2008-06-01T00:00:00Z
71796,111036,1,893,602,0,602,afdfded7-2118-465c-8bb2-10a322dc37c2,2008-06-01T00:00:00Z
71796,111037,2,885,602,0,1205,50cafdbf-f978-4791-b376-386c2c22fa0c,2008-06-01T00:00:00Z
71797,111038,4,711,21,0,84,9cfabd92-779c-4893-9dd1-652291e0cd71,2008-06-01T00:00:00Z
71797,111039,2,838,859,0,1718,37ab902a-d1a1-421a-8af0-89d144b28efd,2008-06-01T00:00:00Z
71797,111040,1,714,30,0,30,4c9f3c90-9122-42a6-b423-a3f927d39235,2008-06-01T00:00:00Z
71797,111041,4,940,49,0,194,a0fcd9d2-e73d-4385-8711-f828c4dfcf41,2008-06-01T00:00:00Z
71797,111042,16,883,30,0,451,143b1db9-9435-4eae-bc04-af7b1a1c273c,2008-06-01T00:00:00Z
71797,111043,2,913,32,0,63,11baec31-14ff-4009-b096-228a6687b44e,2008-06-01T00:00:00Z
71797,111044,1,738,202,0,202,dd6121fb-30e7-47ff-af1c-61b8dc690f10,2008-06-01T00:00:00Z
71797,111045,3,722,202,0,607,aab11dce-3367-40c1-885c-cb7e72cdfdb9,2008-06-01T00:00:00Z
71797,111046,5,835,357,0,1784,db72c511-bd31-4e2a-b65a-6dec0aad6aef,2008-06-01T00:00:00Z
71797,111047,1,718,859,0,859,093129d0-66c4-44e6-af23-45f0fbf0f1a4,2008-06-01T00:00:00Z
71797,111048,4,715,30,0,120,14c471c4-b9d4-41a4-a7ad-bf3e339630ad,2008-06-01T00:00:00Z
71797,111049,5,716,30,0,150,66fa5c4e-c414-46db-b1e4-f29c56817d59,2008-06-01T00:00:00Z
71797,111050,15,884,30,0,423,59634b96-5836-4e10-999a-4ecf310b3b16,2008-06-01T00:00:00Z
71797,111051,3,875,5,0,16,37f87a70-ad19-4eed-b396-d1354ae8c08e,2008-06-01T00:00:00Z
71797,111052,4,860,15,0,59,c197d7fc-0cda-4544-9556-0d890655e4f5,2008-06-01T00:00:00Z
71797,111053,6,712,5,0,32,665b21ee-2695-4156-8375-24fdf16bad40,2008-06-01T00:00:00Z
71797,111054,10,880,33,0,330,0992f82c-b35c-4eb3-b1e2-9c1884a48510,2008-06-01T00:00:00Z
71797,111055,6,873,1,0,8,2324b995-dbf2-4792-b55d-5353428729d3,2008-06-01T00:00:00Z
71797,111056,10,876,72,0,720,ed545dab-6bf4-4564-b2dd-2d31eb0ca083,2008-06-01T00:00:00Z
71797,111057,7,977,324,0,2268,0c938fed-3c16-450d-8937-3b039c9ddbd3,2008-06-01T00:00:00Z
71797,111058,2,798,672,0,1345,663dd90e-0941-419b-8493-6bb3e829f803,2008-06-01T00:00:00Z
71797,111059,2,813,72,0,144,7ec7b3b1-62ea-4c3f-a287-6514be816d33,2008-06-01T00:00:00Z
71797,111060,4,939,37,0,149,169f98ef-1ac7-4487-bc92-c801afcf0247,2008-06-01T00:00:00Z
71797,111061,2,801,672,0,1345,137ea529-e91d-404d-a2d4-5edd73467162,2008-06-01T00:00:00Z
71797,111062,6,998,324,0,1944,7bbd426b-5571-43ac-a63b-11b9801d83b5,2008-06-01T00:00:00Z
71797,111063,4,999,324,0,1296,da0727fc-962e-4444-a568-42279de31654,2008-06-01T00:00:00Z
71797,111064,3,938,24,0,73,6bdf723f-e816-45ad-9285-5ed8e6504630,2008-06-01T00:00:00Z
71797,111065,5,794,1466,0,7330,1359b966-f7f4-4d6c-ae6b-99b5896b49b5,2008-06-01T00:00:00Z
71797,111066,2,795,1466,0,2932,45f214a2-543b-4211-95b1-7d2360f217b3,2008-06-01T00:00:00Z
71797,111067,10,797,672,0,6723,5002f031-d85d-42bf-81b0-a7784b9a66cb,2008-06-01T00:00:00Z
71797,111068,8,881,32,0,259,838712d7-960e-40d1-a9b7-a03a3bbd8df0,2008-06-01T00:00:00Z
71797,111069,1,865,38,0,38,68ff53c6-989f-4278-9d34-929348d02b54,2008-06-01T00:00:00Z
71797,111070,23,864,35,0,763,ffe708c1-233c-40b2-8b8e-bc3ce6eea5af,2008-06-01T00:00:00Z
71797,111071,9,976,1021,0,9185,a671b89d-bf3b-4454-b0d7-bbbd2b92af1b,2008-06-01T00:00:00Z
71797,111072,17,877,4,0,71,923b946a-58b9-4bcd-b8ed-f4ac3e043ea5,2008-06-01T00:00:00Z
71797,111073,6,793,1466,0,8796,74f064e2-d628-404b-9661-15623d272b00,2008-06-01T00:00:00Z
71797,111074,3,974,1021,0,3062,fc7535c2-ac75-4926-9422-265bbb1c21b0,2008-06-01T00:00:00Z
71797,111075,6,707,21,0,126,5890dfc7-792b-4562-8844-ec930524778d,2008-06-01T00:00:00Z
71797,111076,9,859,15,0,132,43968865-c807-4590-ab6d-7207504e81f0,2008-06-01T00:00:00Z
71797,111077,5,973,1021,0,5103,2a9a17d3-50b5-45b2-bb62-2cf686b8c523,2008-06-01T00:00:00Z
71797,111078,11,870,3,0,31,e35d5ac3-be8e-4f38-aa41-55dfc2ffe751,2008-06-01T00:00:00Z
71797,111079,2,717,859,0,1718,3b938f0d-7a0f-4209-a324-371e85af3222,2008-06-01T00:00:00Z
71797,111080,4,858,15,0,59,fed97e43-a1ce-4aec-8c2e-14cf69aefcb8,2008-06-01T00:00:00Z
71797,111081,4,836,357,0,1428,2cb6ffb5-8f2c-46e2-a363-d108facaa14d,2008-06-01T00:00:00Z
71797,111082,12,708,20,0,239,d04d7cf4-e057-42bb-9632-bbb00bb2414e,2008-06-01T00:00:00Z
71797,111083,2,822,357,0,714,cbe01f20-ca7e-4c94-83fc-260fc350ea2d,2008-06-01T00:00:00Z
71815,111451,1,738,202,0,202,810e5535-2bdb-4d83-b26d-796e5cff1a1b,2008-06-01T00:00:00Z
71815,111452,2,835,357,0,714,daeb0cfa-807c-46ac-8458-ffccef36b5b2,2008-06-01T00:00:00Z
71815,111453,2,874,5,0,11,09f90eb4-24de-4812-825e-45520602b437,2008-06-01T00:00:00Z
71816,111454,1,953,729,0,729,b8a9720f-1f6f-4fe1-ad4a-ac70d4c905bd,2008-06-01T00:00:00Z
71816,111455,1,954,1430,0,1430,edc86c40-ecbd-45af-912b-ae37d177821a,2008-06-01T00:00:00Z
71816,111456,2,715,30,0,60,9f7406e4-25c9-431a-9891-f419e3f5253d,2008-06-01T00:00:00Z
71816,111457,4,712,5,0,22,ee2ce69c-24eb-47ff-ab6c-bd5aabdcd6e9,2008-06-01T00:00:00Z
71816,111458,3,883,32,0,97,affbb13e-55a8-4fa8-9cd7-809b1816c30d,2008-06-01T00:00:00Z
71816,111459,1,961,445,0,445,b4e5503b-0fd8-4f2f-8675-e899db180280,2008-06-01T00:00:00Z
71816,111460,1,948,64,0,64,5f4f0aa9-acc6-4ef7-ab68-17d0748a5512,2008-06-01T00:00:00Z
71831,111790,2,869,42,0,84,73bc96fd-863b-441c-aeea-25387c2d17ac,2008-06-01T00:00:00Z
71831,111791,1,782,1377,0,1377,a5f59647-47b7-48fc-9000-0830e623981a,2008-06-01T00:00:00Z
71831,111792,6,867,42,0,252,14f64fdc-4405-47b4-965c-b4f506515e8a,2008-06-01T00:00:00Z
71832,111793,4,918,158,0,634,e3fec901-9b4a-4873-8c34-74ae8600eb07,2008-06-01T00:00:00Z
71832,111794,3,983,462,0,1385,039e1c26-d1e9-43ec-a2a9-fb0b73f1872d,2008-06-01T00:00:00Z
71832,111795,2,781,1392,0,2784,2d9a186f-1f0e-40f1-8fa2-d459a04fbf83,2008-06-01T00:00:00Z
71832,111796,1,868,42,0,42,68b0a471-b668-415a-8116-b285b4936395,2008-06-01T00:00:00Z
71832,111797,1,810,72,0,72,e9bd1406-7ee1-4fd3-bb28-6f4b24d76218,2008-06-01T00:00:00Z
71832,111798,1,980,462,0,462,b68452c3-17c1-4e61-bc1e-5543de5a428b,2008-06-01T00:00:00Z
71832,111799,2,925,150,0,300,69af7aad-e3fb-497c-873e-f6f352ce7754,2008-06-01T00:00:00Z
71832,111800,2,985,113,0,136,577d49d5-55b8-4d81-ad28-2ec13757cbc2,2008-06-01T00:00:00Z
71832,111801,1,908,16,0,16,cc96c2f6-041d-4a67-a9fb-97a3cac5852e,2008-06-01T00:00:00Z
71832,111802,13,867,41,0,517,105f870d-f524-49cd-8f81-0ab5267abdbc,2008-06-01T00:00:00Z
71832,111803,3,782,1377,0,4131,a0a904f3-0180-4d33-adaa-54feeb64d511,2008-06-01T00:00:00Z
71832,111804,1,937,49,0,49,ffae3aa6-0642-40fd-a7d1-c1e34d2df97c,2008-06-01T00:00:00Z
71832,111805,1,936,37,0,37,bc390cda-1143-4091-b9a4-52a6ffff0857,2008-06-01T00:00:00Z
71832,111806,4,743,810,0,3239,0db92279-d76a-4868-9a47-856ec58093ab,2008-06-01T00:00:00Z
71832,111807,5,904,218,0,1092,ecb3f9c5-98fe-412b-a24a-a8eabe5dfb0d,2008-06-01T00:00:00Z
71832,111808,1,748,819,0,819,1841e141-8fcb-42ea-9f66-c4e1264fa470,2008-06-01T00:00:00Z
71832,111809,1,910,32,0,32,db5d32d2-526d-4277-a303-5a78e328eaeb,2008-06-01T00:00:00Z
71832,111810,5,784,1377,0,6885,93b73ee3-9095-4bce-b3b4-53fda99c86c8,2008-06-01T00:00:00Z
71832,111811,2,990,324,0,648,77eee4d0-5fac-4b5e-8aa6-e25e32d831ec,2008-06-01T00:00:00Z
71832,111812,3,992,324,0,972,2856eb25-5ae5-4795-ae0d-1c23c9d03dc5,2008-06-01T00:00:00Z
71832,111813,3,984,113,0,203,f8d67ec8-224e-467d-b895-a784e5149611,2008-06-01T00:00:00Z
71832,111814,1,779,1392,0,1392,a76f6c50-6117-4b58-be8e-6ebc0e39ecd1,2008-06-01T00:00:00Z
71832,111815,1,780,1392,0,1392,478b4d27-07e7-4abe-8f61-a6d8cc51f56c,2008-06-01T00:00:00Z
71832,111816,2,944,158,0,317,237090d9-66b6-462b-8fa4-6cc863438eac,2008-06-01T00:00:00Z
71832,111817,1,808,27,0,27,591fb165-4cad-4174-9274-9c807515d84e,2008-06-01T00:00:00Z
71832,111818,1,809,37,0,37,7249f4a6-663a-4470-9119-5ab1de2b9da8,2008-06-01T00:00:00Z
71832,111819,3,935,24,0,73,40108ade-ff72-43cd-a59f-9304173ce49f,2008-06-01T00:00:00Z
71832,111820,1,926,150,0,150,da725a68-7da4-4fe3-b9bd-a23f655ecec0,2008-06-01T00:00:00Z
71832,111821,6,917,158,0,951,cfe87323-1bca-4443-b4e5-05177fd80e7d,2008-06-01T00:00:00Z
71832,111822,1,920,158,0,158,dcf6c95d-a0e4-4272-bff8-6b06b7f9574f,2008-06-01T00:00:00Z
71845,112118,2,988,113,0,136,6ab3b1f6-9144-4d4e-b13e-f531320e72a8,2008-06-01T00:00:00Z
71845,112119,2,948,64,0,128,3a8cd181-cf26-46f3-ad02-d8889ecb8af4,2008-06-01T00:00:00Z
71845,112120,4,904,218,0,874,97d364ac-d0ae-48dc-a823-ba5238ba066e,2008-06-01T00:00:00Z
71845,112121,3,742,819,0,2456,e17b8e63-47d7-4804-98a0-6937e1954316,2008-06-01T00:00:00Z
71845,112122,2,780,1392,0,2784,a5c1d20d-ec2b-417b-a366-722782c1540f,2008-06-01T00:00:00Z
71845,112123,1,945,55,0,55,2a80c324-fdd4-4866-90ed-a023aa53c48c,2008-06-01T00:00:00Z
71845,112124,3,949,105,0,316,a2c4eba1-132b-42ce-8916-b55ec13f343b,2008-06-01T00:00:00Z
71845,112125,2,937,49,0,97,19e76f92-20cf-49d6-9d54-c699f9e48ff3,2008-06-01T00:00:00Z
71845,112126,2,867,42,0,84,1a7ca6cf-03e6-4f90-ad08-f076f604b276,2008-06-01T00:00:00Z
71845,112127,1,748,819,0,819,d57d58ee-fe30-404c-982a-577c3a2ea7f1,2008-06-01T00:00:00Z
71845,112128,2,905,218,0,437,4ac896fa-31bf-46dc-9ded-56652060e36a,2008-06-01T00:00:00Z
71845,112129,2,781,1392,0,2784,533d7438-e8be-4b48-aea9-7148179f1db8,2008-06-01T00:00:00Z
71845,112130,3,869,42,0,126,69dc8ddc-05b1-48c8-ad7d-c9ce63db81a0,2008-06-01T00:00:00Z
71845,112131,5,783,1377,0,6885,70180211-6c38-4bb5-9317-a5784a1410b2,2008-06-01T00:00:00Z
71845,112132,2,784,1377,0,2754,a2674906-53b9-4fe6-bc74-10946e47f110,2008-06-01T00:00:00Z
71845,112133,1,951,243,0,243,a1d9629f-cdbe-4122-bcd8-f3190d8bbf26,2008-06-01T00:00:00Z
71845,112134,3,747,810,0,2429,a5b7a860-b0d0-4b1e-9a06-084fb278b0a6,2008-06-01T00:00:00Z
71845,112135,1,809,37,0,37,cb494781-2ef4-4bda-8eff-27132eb102c4,2008-06-01T00:00:00Z
71845,112136,2,920,158,0,317,08a04e11-cda0-4d3e-8675-514a0097cd65,2008-06-01T00:00:00Z
71845,112137,2,743,810,0,1620,7ace9864-8050-4552-82d1-751c489b18ed,2008-06-01T00:00:00Z
71845,112138,2,715,30,0,60,d9a12019-84e7-4907-bf8e-73bc352e490f,2008-06-01T00:00:00Z
71845,112139,2,944,158,0,317,af14ab19-019b-44ba-ad76-248ee2a086b3,2008-06-01T00:00:00Z
71845,112140,1,808,27,0,27,70ebcded-684d-4bc9-86f9-94cae06b9d28,2008-06-01T00:00:00Z
71845,112141,8,909,23,0,188,46a1c88a-cf3a-45ef-b6ce-8bd817e1553b,2008-06-01T00:00:00Z
71845,112142,2,925,150,0,300,4fc2f213-b5f0-4acf-8948-209292a52dc9,2008-06-01T00:00:00Z
71845,112143,2,782,1377,0,2754,d7fc6800-1702-4636-a46a-e207ad934c43,2008-06-01T00:00:00Z
71845,112144,2,910,32,0,63,74988939-9b08-48b6-89bc-b2baf823d33a,2008-06-01T00:00:00Z
71845,112145,3,996,73,0,219,b26b5113-f4e3-4099-bea0-1b92f27b1ab6,2008-06-01T00:00:00Z
71845,112146,3,779,1392,0,4176,11398c15-e0dc-41a1-8e2f-6b2a230aa639,2008-06-01T00:00:00Z
71845,112147,4,924,150,0,599,dc8a797c-44e2-435f-836d-349b93107d43,2008-06-01T00:00:00Z
71845,112148,3,952,12,0,36,fe78c429-1237-4b76-b709-88abe25c9f21,2008-06-01T00:00:00Z
71846,112149,2,936,37,0,75,7232fd67-8db7-42f8-ad0d-6185299430f1,2008-06-01T00:00:00Z
71846,112150,1,739,819,0,819,9a32772b-9b98-4b22-aa2b-f4e5ffd2a23e,2008-06-01T00:00:00Z
71846,112151,1,984,113,0,68,78557d82-1267-4f7c-93a7-e53ae2a3a85c,2008-06-01T00:00:00Z
71846,112152,2,981,462,0,923,3a26f840-c413-4bef-aeff-b8d6218698e6,2008-06-01T00:00:00Z
71856,112331,1,962,445,0,445,62b3d72f-3586-40ac-a24e-a6f07eb7ca4a,2008-06-01T00:00:00Z
71856,112332,1,945,55,0,55,4733918f-da34-4d30-b5b4-32f7537e609d,2008-06-01T00:00:00Z
71858,112359,3,979,445,0,1336,d480d98b-7a82-4f10-83cc-1eea54303ecf,2008-06-01T00:00:00Z
71858,112360,1,962,445,0,445,f13adc78-c384-40e9-9456-277a736625a8,2008-06-01T00:00:00Z
71858,112361,1,953,729,0,729,6781a019-346f-4f87-a8a3-4727a2528b2e,2008-06-01T00:00:00Z
71858,112362,2,715,30,0,60,00aaea22-fcc5-4df2-9b2b-7b4be5231d7f,2008-06-01T00:00:00Z
71858,112363,2,883,32,0,65,462bc7d6-8cc7-4713-931c-7690019ab694,2008-06-01T00:00:00Z
71858,112364,1,957,1430,0,1430,f3e626bc-a6ab-431e-aa58-e208d07039a5,2008-06-01T00:00:00Z
71858,112365,2,965,445,0,891,835734ab-162b-40fe-84f2-8510c9a68a36,2008-06-01T00:00:00Z
71858,112366,1,952,12,0,12,e7efba7e-f973-492f-bb76-ca5f185c629f,2008-06-01T00:00:00Z
71858,112367,2,948,64,0,128,48a6ceb9-c22b-4574-b9d4-088edbf955c2,2008-06-01T00:00:00Z
71858,112368,1,945,55,0,55,0ca930d8-078d-478a-b94d-d5f15bb07d02,2008-06-01T00:00:00Z
71858,112369,1,972,729,0,729,efe61dff-2006-4ef0-b71e-7ff264555666,2008-06-01T00:00:00Z
71858,112370,1,877,5,0,5,61372f55-e0c1-48b6-9ffa-a19294b96fa9,2008-06-01T00:00:00Z
71858,112371,1,958,445,0,445,8ad90b76-e54d-43c5-ab86-cf3ada30699a,2008-06-01T00:00:00Z
71858,112372,1,969,1430,0,1430,7390968a-51ba-4ef1-810a-4fc528c299ad,2008-06-01T00:00:00Z
71858,112373,2,961,445,0,891,e6d7d002-c0b4-4d61-bc20-37b76f5d2100,2008-06-01T00:00:00Z
71858,112374,2,966,1430,0,2861,f6278ac8-8905-4b81-af98-ab13b53438e9,2008-06-01T00:00:00Z
71858,112375,3,712,5,0,16,1dc5a90d-b949-464d-9615-59a31fc99d43,2008-06-01T00:00:00Z
71863,112391,11,875,5,0,56,a5b6a9c0-d946-41b4-b8b5-5833708e40f1,2008-06-01T00:00:00Z
71863,112392,2,874,5,0,11,54c630c8-28ff-4680-8a71-177af05289de,2008-06-01T00:00:00Z
71863,112393,2,998,324,0,648,6cd9cd06-abdc-4702-a2d8-31158afffae0,2008-06-01T00:00:00Z
71863,112394,1,973,1021,0,1021,e70f8c24-1bae-40c7-ac9e-0f344d73fbe4,2008-06-01T00:00:00Z
71863,112395,1,711,21,0,21,78a6e36f-c8a7-42d7-bb3d-d0228bd380dc,2008-06-01T00:00:00Z
71863,112396,3,999,324,0,972,d9cc6a31-7cff-485f-bb62-c92efa59fd7c,2008-06-01T00:00:00Z
71863,112397,2,938,24,0,49,d64f8fc1-4c97-496d-927a-ee63e3267041,2008-06-01T00:00:00Z
71867,112452,1,717,859,0,859,4a001055-b1f1-414c-88b0-b583daca838b,2008-06-01T00:00:00Z
71885,112644,3,876,72,0,216,a2577a76-e272-49e3-b195-ad8492ddf924,2008-06-01T00:00:00Z
71885,112645,6,884,32,0,194,5699d8a7-525e-491e-81bc-4bac286ead6a,2008-06-01T00:00:00Z
71885,112646,3,864,38,0,114,d4f591cf-eade-4964-b9d7-e6a9332b0fbb,2008-06-01T00:00:00Z
71895,112864,2,909,23,0,47,03821b63-8b09-40b2-9cde-57f250734682,2008-06-01T00:00:00Z
71895,112865,2,715,30,0,60,960a75ef-4ae1-4772-b472-19f4202b30fa,2008-06-01T00:00:00Z
71895,112866,3,864,38,0,114,61ab1ae2-6d87-494b-b89a-76067578eab8,2008-06-01T00:00:00Z
71897,112898,1,966,1430,0,1430,a101cf4e-eb6f-43bd-b4b2-9dfe8288929e,2008-06-01T00:00:00Z
71897,112899,4,979,445,0,1782,3ccc87c5-a8af-4b86-8189-fa484fb0b534,2008-06-01T00:00:00Z
71897,112900,3,969,1430,0,4291,5178aa61-aca4-4def-99ac-ef614bb5d5ea,2008-06-01T00:00:00Z
71897,112901,3,884,32,0,97,0e449034-3815-4952-b7ab-8883687e5e3b,2008-06-01T00:00:00Z
71897,112902,4,712,5,0,22,0a3dff58-2da3-4430-a1d9-b8592db22b5b,2008-06-01T00:00:00Z
71897,112903,2,954,1430,0,2861,aad85fb3-9f73-4531-bd84-5449266d0909,2008-06-01T00:00:00Z
71897,112904,1,864,38,0,38,ece19cf9-7e88-4ac8-88e4-7b47f2ec1a77,2008-06-01T00:00:00Z
71897,112905,1,948,64,0,64,065a6eb9-8a87-41f7-8abe-30fdf5e08e87,2008-06-01T00:00:00Z
71898,112906,3,969,1430,0,4291,f4048a1b-c520-4a15-9c05-efbf4253f7ee,2008-06-01T00:00:00Z
71898,112907,4,978,445,0,1782,1ae7fccb-b9aa-4a2c-a199-7d6d61a7db47,2008-06-01T00:00:00Z
71898,112908,4,996,73,0,292,3d7660f5-b76f-4e68-8508-bf84b9c26317,2008-06-01T00:00:00Z
71898,112909,6,967,1430,0,8583,f97bc897-377f-465a-a3db-31d360e360ef,2008-06-01T00:00:00Z
71898,112910,3,970,729,0,2187,4778038a-7634-44ff-9d24-91b1e4b50a4c,2008-06-01T00:00:00Z
71898,112911,1,956,1430,0,1430,785694cc-4d93-4afb-97db-d67c4a9a344a,2008-06-01T00:00:00Z
71898,112912,3,960,445,0,1336,d63e1c95-390b-4bd3-ac1d-08d434ae4b59,2008-06-01T00:00:00Z
71898,112913,3,994,32,0,97,6338d54e-5983-4139-a3b4-6cce783b99f8,2008-06-01T00:00:00Z
71898,112914,1,959,445,0,445,bb18183b-5006-4fea-ad25-5f61f936e8c7,2008-06-01T00:00:00Z
71898,112915,4,968,1430,0,5722,ddd89c33-48a8-402e-98e3-d1672fa1ab15,2008-06-01T00:00:00Z
71898,112916,3,966,1430,0,4291,4791d9df-bfe6-46ff-8d6c-9af903b3d391,2008-06-01T00:00:00Z
71898,112917,5,972,729,0,3645,905add5b-c258-4a0d-afab-cbdfba6b25f1,2008-06-01T00:00:00Z
71898,112918,4,949,105,0,421,eb88f353-60bc-4f70-b7b6-aed5a2c39764,2008-06-01T00:00:00Z
71898,112919,1,958,445,0,445,b596f5b6-b07f-4aa3-943f-528436bdebd0,2008-06-01T00:00:00Z
71898,112920,3,945,55,0,165,198a573c-b3e4-4cf5-bfa1-309bae00d735,2008-06-01T00:00:00Z
71898,112921,5,971,729,0,3645,c28a061d-3e89-487a-99ae-17be169c6ad3,2008-06-01T00:00:00Z
71898,112922,2,953,729,0,1458,84d31325-130d-47c0-8958-5310eb85f518,2008-06-01T00:00:00Z
71898,112923,1,889,602,0,602,5ca4f84a-bafe-485c-b7ad-897f741f76ce,2008-06-01T00:00:00Z
71898,112924,1,955,1430,0,1430,0a7c971a-d30f-4743-b2ca-5ad8daabbf1b,2008-06-01T00:00:00Z
71898,112925,3,964,445,0,1336,dad93612-0446-4393-8981-36f6e1cc2e8a,2008-06-01T00:00:00Z
71898,112926,3,916,32,0,95,fbcd9efd-97ac-4a2e-8e37-8956519eadb9,2008-06-01T00:00:00Z
71898,112927,1,948,64,0,64,8e3024f1-3732-4121-91e6-69e69057dca9,2008-06-01T00:00:00Z
71898,112928,3,979,445,0,1336,99fadf0a-60b8-4f2f-b3a7-16bbd2435796,2008-06-01T00:00:00Z
71898,112929,3,951,243,0,729,edaafadd-1974-4013-953c-ffa991f8ad06,2008-06-01T00:00:00Z
71898,112930,3,954,1430,0,4291,b2eb253f-ed64-4f38-85dc-11f8ca18867a,2008-06-01T00:00:00Z
71898,112931,1,952,12,0,12,a1f83341-9d19-4fe6-bc71-f7f717f92d2b,2008-06-01T00:00:00Z
71898,112932,5,965,445,0,2227,3c97f6bd-91ec-4c84-9636-e088b415ee51,2008-06-01T00:00:00Z
71898,112933,2,961,445,0,891,e11cf974-4dcc-4a5c-98c3-2de92dd2a15d,2008-06-01T00:00:00Z
71899,112934,2,881,32,0,65,f36b652a-e1da-4cc2-accc-25ade6f5b44c,2008-06-01T00:00:00Z
71899,112935,1,988,113,0,68,5093928d-08c4-44ea-bcc2-8e392c652d5c,2008-06-01T00:00:00Z
71899,112936,1,981,462,0,462,95e3c4a3-c37b-48f7-a362-79a42c4c5ab9,2008-06-01T00:00:00Z
71899,112937,1,743,810,0,810,720691a3-f983-4c72-bca1-baabf1d24914,2008-06-01T00:00:00Z
71899,112938,1,808,27,0,27,d88cc408-801c-4e08-b2d2-5bad00178f10,2008-06-01T00:00:00Z
71899,112939,2,714,30,0,60,8ec0cd34-88bf-48cb-adbe-511d82315647,2008-06-01T00:00:00Z
71899,112940,2,944,158,0,317,6779a375-6da6-40b0-b740-31c9a0974c98,2008-06-01T00:00:00Z
71899,112941,1,937,49,0,49,69efdbde-3ed6-4654-b6c8-0ebfe4070b08,2008-06-01T00:00:00Z
71902,112953,5,780,1392,0,6960,d87846f2-7f8a-4873-b957-b0cf08ab7b42,2008-06-01T00:00:00Z
71902,112954,2,981,462,0,923,e166159a-d1c1-448e-a5b1-cdfb19a39c2e,2008-06-01T00:00:00Z
71902,112955,1,904,218,0,218,17a34bcb-5542-4f94-b709-3a20e6e2d811,2008-06-01T00:00:00Z
71902,112956,1,987,113,0,68,0fee9397-5db3-46aa-ae1b-4ab85321f56a,2008-06-01T00:00:00Z
71902,112957,7,783,1377,0,9639,bfde6ff0-e6fd-488a-aa78-c06c85686878,2008-06-01T00:00:00Z
71902,112958,5,781,1392,0,6960,912c572f-808f-4328-9b19-e9970d4cd78a,2008-06-01T00:00:00Z
71902,112959,2,859,15,0,29,460d0ea3-c6b0-40f4-bc16-88df7913f56f,2008-06-01T00:00:00Z
71902,112960,7,869,42,0,294,9054e260-b941-47a7-8fc9-a59e4e5ce74f,2008-06-01T00:00:00Z
71902,112961,2,908,16,0,33,06f6b747-fd45-4d42-90f5-333489c3189f,2008-06-01T00:00:00Z
71902,112962,3,712,5,0,16,f1f4a541-e3ad-4c02-abb8-a630b1176002,2008-06-01T00:00:00Z
71902,112963,1,925,150,0,150,7e476de8-d4b9-4f25-9107-9629c5d3bc15,2008-06-01T00:00:00Z
71902,112964,2,937,49,0,97,0ab7ddca-db76-4a1e-9aca-4509a63ecfea,2008-06-01T00:00:00Z
71902,112965,3,992,324,0,972,775b1bd0-00b8-45a6-a16b-a26438868755,2008-06-01T00:00:00Z
71902,112966,3,980,462,0,1385,f146012f-1385-4bab-94aa-87c0b98ce494,2008-06-01T00:00:00Z
71902,112967,3,715,30,0,90,47433aff-c5a3-48d5-a7d5-5bf6d4d3010a,2008-06-01T00:00:00Z
71902,112968,4,935,24,0,97,94ece99c-0a6d-4a2e-bddd-4468841e754b,2008-06-01T00:00:00Z
71902,112969,1,989,324,0,324,bd01d5a2-1626-4bd4-9b62-ce1c96603731,2008-06-01T00:00:00Z
71902,112970,4,984,113,0,271,163c96ab-42c9-411c-b8c5-58900e75a3e7,2008-06-01T00:00:00Z
71902,112971,2,982,462,0,923,c5db243b-4b7e-4b4c-9d31-0d0cfd9472db,2008-06-01T00:00:00Z
71902,112972,8,782,1377,0,11016,0a47c60c-01b1-4354-8f74-1449929dd118,2008-06-01T00:00:00Z
71902,112973,2,784,1377,0,2754,6f70d41d-8cbf-4364-833c-77c0b7014246,2008-06-01T00:00:00Z
71902,112974,1,810,72,0,72,79f49a8f-7f7b-459c-b8cb-3331e83803a9,2008-06-01T00:00:00Z
71902,112975,1,926,150,0,150,f2064e41-044a-4a42-9342-fb45be83eb88,2008-06-01T00:00:00Z
71902,112976,3,714,30,0,90,89639f66-7bc7-456d-bdf5-0dbb55bd5a20,2008-06-01T00:00:00Z
71902,112977,7,870,3,0,21,3730d783-97d7-4e3d-8b70-1f0159565d4d,2008-06-01T00:00:00Z
71902,112978,4,876,72,0,288,7c17713b-9924-4aee-8f84-bee799fd4722,2008-06-01T00:00:00Z
71902,112979,5,877,5,0,24,8d6e8186-184b-4db1-81f7-57433979c931,2008-06-01T00:00:00Z
71902,112980,2,707,21,0,42,212b53d0-3779-4fe6-b886-8dda35e8c81a,2008-06-01T00:00:00Z
71902,112981,1,993,324,0,324,252017a4-e2c0-4e3e-a6ad-abdfd8de5108,2008-06-01T00:00:00Z
71902,112982,6,864,38,0,229,5237ea9e-09f6-4b3b-9ed2-dc7d42149a5a,2008-06-01T00:00:00Z
71902,112983,7,867,42,0,294,64242be0-a1c4-473d-b34b-e2b9d8db3a8b,2008-06-01T00:00:00Z
71902,112984,2,809,37,0,74,ef76f770-c6fc-4417-b84b-27f3ebd55265,2008-06-01T00:00:00Z
71902,112985,3,988,113,0,203,09e7a695-3260-483e-91f8-a980441b9dd6,2008-06-01T00:00:00Z
71902,112986,5,880,33,0,165,50d440ae-4e4a-469a-be69-95e238392b28,2008-06-01T00:00:00Z
71902,112987,1,936,37,0,37,f98582c9-3c42-4ad1-8d30-b99fcac7eb20,2008-06-01T00:00:00Z
71902,112988,4,708,21,0,84,d1304741-d1cb-4594-ae1a-9e794699e447,2008-06-01T00:00:00Z
71902,112989,3,779,1392,0,4176,ec3b8e1a-b21e-4c5d-a63f-7a5ed4305fca,2008-06-01T00:00:00Z
71902,112990,2,991,324,0,648,7a5def9c-3416-4403-8a59-459e054d73fc,2008-06-01T00:00:00Z
71902,112991,5,883,32,0,162,5c7825f8-aa47-4c4d-8967-2ce6c0dbf848,2008-06-01T00:00:00Z
71902,112992,1,910,32,0,32,5dcce359-9296-4e50-88ed-0fb20f7c39bb,2008-06-01T00:00:00Z
71902,112993,2,881,32,0,65,7add4116-51d9-4742-8dad-c298e3ecc1ea,2008-06-01T00:00:00Z
71902,112994,5,985,113,0,339,a4bb8550-9d18-4837-9944-92df955382b8,2008-06-01T00:00:00Z
71902,112995,7,711,21,0,147,4b4f24a7-6007-497d-8026-3325412855ff,2008-06-01T00:00:00Z
71902,112996,1,986,113,0,68,a86e4946-b7db-4577-a236-9200fbfdb473,2008-06-01T00:00:00Z
71902,112997,7,748,819,0,5731,f4876c84-dfc4-4405-8d02-9e2645cecd05,2008-06-01T00:00:00Z
71902,112998,5,884,32,0,162,2bc75480-60da-4e31-b776-f7bbef432c16,2008-06-01T00:00:00Z
71902,112999,2,918,158,0,317,a4701e96-2541-4a35-902f-f241f9d79c9d,2008-06-01T00:00:00Z
71902,113000,3,905,218,0,655,3adaf197-93f2-433b-bc8a-35fa25fe4172,2008-06-01T00:00:00Z
71902,113001,4,983,462,0,1847,c58fd8f6-fcbc-4a9a-8919-858db6709ce3,2008-06-01T00:00:00Z
71902,113002,6,865,38,0,229,da8f6556-76de-42ad-8a9a-9664b87b3078,2008-06-01T00:00:00Z
71915,113089,3,836,357,0,1071,aa3c697d-653d-4d79-b824-b92672fe8b9e,2008-06-01T00:00:00Z
71915,113090,2,738,202,0,405,c3888abc-6c37-44f8-95c2-c014f4a8b999,2008-06-01T00:00:00Z
71915,113091,4,938,24,0,97,8176abde-ba97-4615-975b-e8fe6287c1d4,2008-06-01T00:00:00Z
71915,113092,3,939,37,0,112,f36a30a7-8d42-456c-b69f-9886545954d9,2008-06-01T00:00:00Z
71915,113093,1,940,49,0,49,d97c6ced-940a-4a42-a65d-6c6f5397eebf,2008-06-01T00:00:00Z
71917,113100,7,875,5,0,38,4bb98b71-6294-41e4-9413-d9dde375ca5d,2008-06-01T00:00:00Z
71920,113139,1,973,1021,0,1021,ded76307-d4f3-404f-96fe-43087f1deb35,2008-06-01T00:00:00Z
71920,113140,3,938,24,0,73,1da9ef0c-f53b-41b9-bce5-f5b6a379a141,2008-06-01T00:00:00Z
71920,113141,1,976,1021,0,1021,5b5eaf22-87a1-430f-90ba-ee722d285694,2008-06-01T00:00:00Z
71920,113142,7,884,32,0,227,8a1d6fad-637b-4088-81bd-4f8e3e8baf16,2008-06-01T00:00:00Z
71920,113143,3,864,38,0,114,dc08d140-4146-4137-a2fd-950f9e783a1b,2008-06-01T00:00:00Z
71920,113144,1,876,72,0,72,988e64d9-7db3-4613-a379-caba1ef8f752,2008-06-01T00:00:00Z
71923,113152,1,870,3,0,3,ef4f992e-9fd3-4f31-a5a8-e3846de82290,2008-06-01T00:00:00Z
71923,113153,4,874,5,0,22,dbd6974d-a99b-42aa-8ec0-9cdff8657aa7,2008-06-01T00:00:00Z
71923,113154,14,875,5,0,72,c13bedec-b48c-4fc6-ad8e-4c6689eedb48,2008-06-01T00:00:00Z
71935,113219,3,874,5,0,16,040cb9c0-2438-471e-8749-82adad28b256,2008-06-01T00:00:00Z
71935,113220,1,938,24,0,24,4e1898ff-672d-4a55-b3c0-ce524b17364c,2008-06-01T00:00:00Z
71935,113221,3,973,1021,0,3062,feba8a52-dd90-4986-aade-45da31521226,2008-06-01T00:00:00Z
71935,113222,2,976,1021,0,2041,22cdfaf4-d15d-4301-8066-5fa1abfcf987,2008-06-01T00:00:00Z
71935,113223,1,998,324,0,324,a6e8d782-457a-413e-8ed9-ed74f8353cd9,2008-06-01T00:00:00Z
71935,113224,13,875,5,0,66,3c4e9e2d-f15f-4d2a-8155-ab8c21b4f540,2008-06-01T00:00:00Z
71936,113225,3,944,158,0,475,4db061b0-ede3-420b-b998-acd51e94646a,2008-06-01T00:00:00Z
71936,113226,4,985,113,0,271,6df0630c-72a7-4313-b23c-7cd5b7b9e2b2,2008-06-01T00:00:00Z
71936,113227,4,996,73,0,292,59cdb581-d059-4e2f-80b2-4fa82fd61bd5,2008-06-01T00:00:00Z
71936,113228,1,707,21,0,21,b1a85c0f-2891-4412-b866-dad7f0b35796,2008-06-01T00:00:00Z
71936,113229,1,926,150,0,150,b9961e3a-66a8-466f-941b-14a6858e1eb3,2008-06-01T00:00:00Z
71936,113230,4,808,27,0,107,67eb5e24-9231-4656-b19d-27998d6d707d,2008-06-01T00:00:00Z
71936,113231,5,992,324,0,1620,b8acc9dc-2442-429c-b523-34ca3453e3b8,2008-06-01T00:00:00Z
71936,113232,6,951,243,0,1458,0b908c0c-dbee-485a-b45b-52e3d0f789f2,2008-06-01T00:00:00Z
71936,113233,3,780,1392,0,4176,afcdc337-6775-486c-bd57-2e2729931857,2008-06-01T00:00:00Z
71936,113234,2,905,218,0,437,49fb0e07-067c-4426-9718-90b4de97bba1,2008-06-01T00:00:00Z
71936,113235,4,747,810,0,3239,c0ae4496-d051-4f21-80ef-141af9cfa5eb,2008-06-01T00:00:00Z
71936,113236,14,867,41,0,557,59bea0ec-82e3-4e0a-b1a6-5b9a3c1a6fde,2008-06-01T00:00:00Z
71936,113237,3,935,24,0,73,88d401b9-71d2-42d0-abd2-0b2e9fd92a05,2008-06-01T00:00:00Z
71936,113238,5,945,55,0,274,3ced642f-ce77-4dce-9f38-3babc74761e1,2008-06-01T00:00:00Z
71936,113239,5,924,150,0,749,d4ee51cf-e27f-435f-ae5b-2cd7b7dd49ae,2008-06-01T00:00:00Z
71936,113240,10,783,1377,0,13770,e30ea1fb-b08d-43bb-9a15-b6986843b5b4,2008-06-01T00:00:00Z
71936,113241,5,784,1377,0,6885,f238261c-b9d4-40e7-9c98-759e95356eb5,2008-06-01T00:00:00Z
71936,113242,5,748,819,0,4094,67605e69-ca8e-4471-a9ef-5d673b823919,2008-06-01T00:00:00Z
71936,113243,2,981,462,0,923,8dcc225d-27e8-4bf1-9a51-af1a25c6eb7c,2008-06-01T00:00:00Z
71936,113244,5,894,73,0,364,174a0011-0cd4-44ce-952b-cea83042a4c9,2008-06-01T00:00:00Z
71936,113245,4,779,1392,0,5568,4ac5ad5e-e0f0-4a70-ae6b-ce200178e737,2008-06-01T00:00:00Z
71936,113246,8,782,1377,0,11016,f8d766df-bf52-4035-9471-a530c2b56417,2008-06-01T00:00:00Z
71936,113247,8,869,42,0,336,7c317b19-9d14-4b2f-99d5-21870e899106,2008-06-01T00:00:00Z
71936,113248,3,952,12,0,36,12e5ac5b-c887-46e6-8b09-e09203100879,2008-06-01T00:00:00Z
71936,113249,3,949,105,0,316,07e3f54b-ae6b-4384-8f47-dbe2c153bdc0,2008-06-01T00:00:00Z
71936,113250,5,937,49,0,243,3fda5638-56ea-411a-a131-01cf7ac0d771,2008-06-01T00:00:00Z
71936,113251,3,910,32,0,95,b5ed275f-49ed-4f4b-b3a7-48b9cf8dd9be,2008-06-01T00:00:00Z
71936,113252,2,917,158,0,317,8b718b1f-ae37-4d80-b1fb-afefa0fff6e1,2008-06-01T00:00:00Z
71936,113253,3,994,32,0,97,9a169c16-6718-472b-9b8e-f08287ade9b1,2008-06-01T00:00:00Z
71936,113254,1,984,113,0,68,7d17325c-f7f4-4c3b-af45-3759e79be956,2008-06-01T00:00:00Z
71936,113255,6,860,15,0,88,104e28ad-a3bc-4dac-ae92-b5a5dd122cf9,2008-06-01T00:00:00Z
71936,113256,4,948,64,0,256,409bc176-624a-4b03-b400-6a781a689213,2008-06-01T00:00:00Z
71936,113257,6,925,150,0,899,f186ec8c-c220-45f5-b2f1-a71f776de245,2008-06-01T00:00:00Z
71936,113258,3,908,16,0,49,1e23a432-f5bb-43a0-ac92-2b1e7c950a72,2008-06-01T00:00:00Z
71936,113259,1,918,158,0,158,d974fa30-9e36-45f9-9985-1a1105ca87cd,2008-06-01T00:00:00Z
71936,113260,4,743,810,0,3239,60c0ecc9-3f6c-4c08-8dc5-c45a07ddb50f,2008-06-01T00:00:00Z
71936,113261,5,739,819,0,4094,e8e72212-63b5-4456-882c-efa2560c655c,2008-06-01T00:00:00Z
71936,113262,2,987,113,0,136,86838275-4711-435c-8ef9-9fe4924b47d9,2008-06-01T00:00:00Z
71936,113263,5,809,37,0,186,35578b52-dddb-44c6-917c-a9ef90bd8a71,2008-06-01T00:00:00Z
71936,113264,2,904,218,0,437,2000d44e-0e7c-4fba-96d9-55d18727db36,2008-06-01T00:00:00Z
71936,113265,4,781,1392,0,5568,0415bef2-9bab-4e5c-9969-c2732d00934a,2008-06-01T00:00:00Z
71936,113266,4,868,42,0,168,e0f7dc39-cc81-4772-ba44-73b5ed6ef339,2008-06-01T00:00:00Z
71936,113267,5,988,113,0,339,fb4c7e71-f938-4724-ab4a-6a35ccdf8cae,2008-06-01T00:00:00Z
71936,113268,7,742,819,0,5731,f0ba94e6-f0b3-4a55-9091-60c797950ff1,2008-06-01T00:00:00Z
71936,113269,2,936,37,0,75,059cdc00-5c89-4d66-b7bb-e20a777da63a,2008-06-01T00:00:00Z
71936,113270,6,909,23,0,141,505672c0-9af6-4b59-a1c1-8f38198306bf,2008-06-01T00:00:00Z
71938,113274,5,973,1021,0,5103,74d8a174-0fba-421b-abe3-b54c728a1a95,2008-06-01T00:00:00Z
71938,113275,3,876,72,0,216,ac17eb2e-c4b8-44ba-9799-6f814c84e400,2008-06-01T00:00:00Z
71938,113276,2,835,357,0,714,7d738f6b-9825-4fd3-9d21-f703cbced4f4,2008-06-01T00:00:00Z
71938,113277,3,974,1021,0,3062,9b9a0c77-1b13-4411-9dd0-26027faeb98c,2008-06-01T00:00:00Z
71938,113278,3,707,21,0,63,e000afd3-ccd5-43e8-a10f-b29ec9caeaed,2008-06-01T00:00:00Z
71938,113279,1,813,72,0,72,9d987e75-e96d-4903-be36-0ce579a6f47b,2008-06-01T00:00:00Z
71938,113280,5,938,24,0,121,5a1caeaf-6394-432d-906f-b0826d629c65,2008-06-01T00:00:00Z
71938,113281,5,884,32,0,162,eadb5fc1-5744-4a62-825c-406b7f8720a3,2008-06-01T00:00:00Z
71938,113282,3,711,21,0,63,c01d83f5-cf9a-42e6-967c-d6ecc3a59b49,2008-06-01T00:00:00Z
71938,113283,1,712,5,0,5,23a06d81-fc31-45f6-a969-a224fce4f713,2008-06-01T00:00:00Z
71938,113284,5,940,49,0,243,d9d2a6ad-347a-4c99-85a0-f6f037a3a683,2008-06-01T00:00:00Z
71938,113285,3,792,1466,0,4398,375a2df5-72c6-44cd-8789-30eebf0e5b86,2008-06-01T00:00:00Z
71938,113286,5,976,1021,0,5103,d8261319-f5ff-4daa-8698-5a68c2141f61,2008-06-01T00:00:00Z
71938,113287,5,798,672,0,3361,e4931d3e-3865-45d5-ad17-1ecc69f8ed52,2008-06-01T00:00:00Z
71938,113288,4,799,672,0,2689,c9fcf326-d1b9-44a4-b29d-2d1888f6b0fd,2008-06-01T00:00:00Z
71938,113289,4,864,38,0,152,11e8e6a3-eb52-45ca-a51c-3f1fc7a2f272,2008-06-01T00:00:00Z
71938,113290,2,714,30,0,60,87a4ec8d-b4f3-4d27-b025-fc416d8cb7d0,2008-06-01T00:00:00Z
71938,113291,4,999,324,0,1296,2947ca98-a4f4-4554-b725-9c2cd3592916,2008-06-01T00:00:00Z
71938,113292,5,998,324,0,1620,2d0316bd-074d-4f2e-88a5-4e56f84562cd,2008-06-01T00:00:00Z
71938,113293,6,877,5,0,29,b3dd9942-1c2e-4b0e-9b30-dea600b36d0d,2008-06-01T00:00:00Z
71938,113294,3,796,1466,0,4398,1618c9dc-78a0-4936-b89a-c2466681c11f,2008-06-01T00:00:00Z
71938,113295,5,708,21,0,105,964b3375-8ee7-46c6-8149-fb72fc2e267b,2008-06-01T00:00:00Z
71938,113296,5,865,38,0,191,97ae3231-5a4d-4988-9ee5-a33971aaf34d,2008-06-01T00:00:00Z
71938,113297,3,738,202,0,607,64ef2a38-a413-406e-a514-6cf142f25ac6,2008-06-01T00:00:00Z
71938,113298,3,883,32,0,97,2ddebb25-330d-4361-a774-ca44d29d1e05,2008-06-01T00:00:00Z
71938,113299,3,997,324,0,972,0acdeade-29a9-465d-923b-41cc21ecf57b,2008-06-01T00:00:00Z
71938,113300,8,870,3,0,24,efbd0f32-cacc-4429-9477-da43f9a04348,2008-06-01T00:00:00Z
71938,113301,6,795,1466,0,8796,05a28311-9869-486b-ba7b-539517a25f97,2008-06-01T00:00:00Z
71938,113302,4,874,5,0,22,dd5e62b4-0457-457f-8307-82f5c1eee470,2008-06-01T00:00:00Z
71938,113303,2,859,15,0,29,e7c11996-8d83-4515-bfbd-7e380cdb6252,2008-06-01T00:00:00Z
71938,113304,5,975,1021,0,5103,3304dca0-a7a4-43b5-99a2-8c810f7a7161,2008-06-01T00:00:00Z
71938,113305,3,793,1466,0,4398,4b32e728-acdd-47f7-a2b0-1e4adc606e7f,2008-06-01T00:00:00Z
71938,113306,5,797,672,0,3361,cf099a40-bb51-40b1-9fe1-f47a0de2a342,2008-06-01T00:00:00Z
71938,113307,7,880,33,0,231,f003aed8-258b-4234-83bc-ef7516e5b90f,2008-06-01T00:00:00Z
71938,113308,4,977,324,0,1296,e295d970-dbb5-4962-aab5-c836a8953276,2008-06-01T00:00:00Z
71938,113309,5,801,672,0,3361,b80c355f-e9a2-4307-8ee0-3ab7f95c8542,2008-06-01T00:00:00Z
71938,113310,7,794,1466,0,10262,4bc1ad3f-f801-49df-b805-6b67d52952ff,2008-06-01T00:00:00Z
71938,113311,6,939,37,0,224,729832fe-0fdc-449d-a720-f2a96e03b392,2008-06-01T00:00:00Z
71938,113312,3,715,30,0,90,64fbaaab-9400-4664-add7-97115b75b27b,2008-06-01T00:00:00Z
71938,113313,1,881,32,0,32,67d4e5d4-9629-49a6-a6e0-9e1c4cdee3de,2008-06-01T00:00:00Z
71938,113314,2,875,5,0,11,352d06e9-8456-4966-9c73-3f227b023962,2008-06-01T00:00:00Z
71938,113315,3,800,672,0,2017,78f73142-e566-453f-a2b9-88a0fcaf4552,2008-06-01T00:00:00Z
71946,113406,1,916,32,0,32,b571cee0-a90a-4e76-9796-379b55352a28,2008-06-01T00:00:00Z
